username,comment_text,timestamp,is_reply
sarah_adventures,This looks absolutely amazing! Would love to win this ğŸ˜,2025-11-15T14:23:45.000Z,false
sarah_adventures,@emily_travels @mike.outdoor,2025-11-15T14:24:12.000Z,false
emily_travels,Count me in! These products are incredible ğŸ”¥,2025-11-15T14:25:30.000Z,false
emily_travels,@sarah_adventures thanks for the tag!,2025-11-15T14:26:05.000Z,false
mike.outdoor,Love everything about this giveaway! ğŸ‰,2025-11-15T14:27:18.000Z,false
mike.outdoor,@jake_hiking @outdoor_lisa,2025-11-15T14:27:45.000Z,false
jake_hiking,This is exactly what I need for my next adventure!,2025-11-15T14:30:22.000Z,false
outdoor_lisa,@mike.outdoor @amy.travels,2025-11-15T14:32:10.000Z,false
amy.travels,Fingers crossed! ğŸ¤ Would be perfect for summer,2025-11-15T14:33:55.000Z,false
tom_explorer,Amazing quality! Been following for a while ğŸŒŸ,2025-11-15T14:35:40.000Z,false
tom_explorer,@sarah_adventures @rachel.mountains,2025-11-15T14:36:15.000Z,false
rachel.mountains,This collection is gorgeous! Need this in my life ğŸ’¯,2025-11-15T14:38:22.000Z,false
chris_adventure,Awesome giveaway! Good luck everyone ğŸ€,2025-11-15T14:40:18.000Z,false
chris_adventure,@alex_trails @outdoor_lisa,2025-11-15T14:40:55.000Z,false
alex_trails,The design is incredible! Would match my gear perfectly â›°ï¸,2025-11-15T14:42:30.000Z,false
lisa.wanderlust,Hope I win this time! ğŸŠ Love your brand,2025-11-15T14:44:12.000Z,false
lisa.wanderlust,@tom_explorer @chris_adventure,2025-11-15T14:44:48.000Z,false
jordan_hikes,Perfect for my upcoming trip! Keeping my fingers crossed ğŸ™,2025-11-15T14:46:25.000Z,false
megan_trails,This would be perfect! Amazing colors ğŸŒˆ,2025-11-15T14:48:33.000Z,false
megan_trails,@jordan_hikes @kevin.camping,2025-11-15T14:49:10.000Z,false
kevin.camping,Been eyeing these for months! Would be a dream to win ğŸ˜Š,2025-11-15T14:51:05.000Z,false
nicole.explorer,Absolutely love this! Great giveaway ğŸ’–,2025-11-15T14:52:40.000Z,false
nicole.explorer,@megan_trails @lisa.wanderlust,2025-11-15T14:53:22.000Z,false
david_wilderness,This gear looks professional grade! Count me in ğŸ”ï¸,2025-11-15T14:55:18.000Z,false
rachel.mountains,@nicole.explorer can't wait to see who wins!,2025-11-15T14:57:30.000Z,false
sophie.travels,This is my favorite giveaway yet! ğŸ,2025-11-15T14:59:12.000Z,false
sophie.travels,@david_wilderness @jessica_outdoors,2025-11-15T14:59:55.000Z,false
jessica_outdoors,Everything looks so high quality! Would love to try âœ¨,2025-11-15T15:02:08.000Z,false
brian.explorer,Perfect timing! Need this for my summer plans ğŸŒ,2025-11-15T15:04:22.000Z,false
brian.explorer,@sophie.travels @amanda.hikes,2025-11-15T15:05:00.000Z,false
amanda.hikes,Stunning products! This would be amazing to win ğŸ¯,2025-11-15T15:07:15.000Z,false
ryan.mountains,Love the attention to detail! Quality over everything ğŸ‘Œ,2025-11-15T15:09:30.000Z,false
ryan.mountains,@brian.explorer @olivia_trails,2025-11-15T15:10:12.000Z,false
olivia_trails,Been a fan for years! This giveaway is incredible ğŸ™Œ,2025-11-15T15:12:28.000Z,false
mark_camping,Hope I finally win one of these! Looks amazing ğŸ‰,2025-11-15T15:14:45.000Z,false
mark_camping,@ryan.mountains @natalie.wanderer,2025-11-15T15:15:30.000Z,false
natalie.wanderer,Perfect for my adventures! Love supporting this brand ğŸ’š,2025-11-15T15:17:50.000Z,false
tyler.outdoors,This is exactly what I've been looking for! ğŸ”¥,2025-11-15T15:20:05.000Z,false
tyler.outdoors,@mark_camping @emma.hiking,2025-11-15T15:20:48.000Z,false
emma.hiking,Gorgeous collection! Keeping everything crossed ğŸ¤,2025-11-15T15:23:12.000Z,false
paul_adventures,Would be perfect for the trails! Amazing giveaway ğŸ•ï¸,2025-11-15T15:25:35.000Z,false
paul_adventures,@tyler.outdoors @stephanie.camps,2025-11-15T15:26:18.000Z,false
stephanie.camps,Love everything about this! Quality looks top notch ğŸ’,2025-11-15T15:28:40.000Z,false
greg.explorer,This would complete my gear setup! ğŸ’,2025-11-15T15:30:55.000Z,false
greg.explorer,@paul_adventures @melissa.trails,2025-11-15T15:31:42.000Z,false
melissa.trails,Absolutely beautiful! Would treasure this forever ğŸŒŸ,2025-11-15T15:34:10.000Z,false
daniel.hiking,Been wanting to try your products! This is perfect ğŸ™,2025-11-15T15:36:28.000Z,false
daniel.hiking,@greg.explorer @laura.mountains,2025-11-15T15:37:15.000Z,false
laura.mountains,This giveaway is incredible! Love the style and quality âœ¨,2025-11-15T15:39:45.000Z,false
jason.outdoors,Perfect addition to my outdoor collection! ğŸŒ²,2025-11-15T15:42:02.000Z,false
jason.outdoors,@daniel.hiking @ashley.explorer,2025-11-15T15:42:50.000Z,false
ashley.explorer,Would use this every single day! Amazing products ğŸ’¯,2025-11-15T15:45:18.000Z,false
